INSERT INTO public.orgs (id,created_at,updated_at,name,description,email,phone,address_line1,address_line2,city,region,region_code,postal_code,company,country,country_code,currency_code) VALUES ('70cec7cb-8a8f-464a-9b8d-e0c2ff7b67b5', '2025-01-15 00:37:59.164209+00', '2025-01-21 00:37:59.164209+00', 'Kenco', 'Kenco Warehouse - Fullfillment Center', 'contact@kenco.com', '555-8765-4321', '456 Tech Blvd', 'Floor 12', 'Seattle', 'Washington', 'WA', '98101', 'Kenco', 'United States', 'US', 'USD'), ('969ad60c-5ccd-4eed-a85d-6c9048350eb4', '2025-01-15 00:37:59.164209+00', '2025-01-15 00:37:59.164209+00', 'Shift', 'Shift Warehouse - Fullfillment Center', 'contact@shift.com', '555-8765-4321', '456 Tech Blvd', 'Floor 12', 'Seattle', 'Washington', 'WA', '98101', 'Shift', 'United States', 'US', 'USD');
INSERT INTO public.customers (id,org_id,name,email,phone,address,city,region,region_code,country,country_code,postal_code,created_at,updated_at) VALUES ('c1a0835e-0903-4944-9c05-c80b619d0ab4', '70cec7cb-8a8f-464a-9b8d-e0c2ff7b67b5', 'Coca-Cola', 'wholesale@coca-cola.com', '555-123-4567', '5055 Coca Cola Ave', 'Atlanta', 'Georgia', 'GA', 'United States', 'US', '30301', '2025-01-21 01:30:00.000000+00', '2025-01-21 01:30:00.000000+00'), ('68222e8f-fe45-4bd8-99f5-1c353a1e793f', '70cec7cb-8a8f-464a-9b8d-e0c2ff7b67b5', 'Doritos', 'wholesale@doritos.com', '555-987-6543', 'One Doritos Drive', 'Beaverton', 'Oregon', 'OR', 'United States', 'US', '97005', '2025-01-21 01:31:00.000000+00', '2025-01-21 01:31:00.000000+00'), ('7c23cd82-935a-4c9d-a33b-74826dd27638', '70cec7cb-8a8f-464a-9b8d-e0c2ff7b67b5', 'Altoids', 'wholesale@altoids.com', '555-111-2222', '1020 Altoids Ave', 'Baltimore', 'Maryland', 'MD', 'United States', 'US', '21230', '2025-01-21 01:34:00.000000+00', '2025-01-21 01:34:00.000000+00'), ('67933878-1e1c-404b-a026-d7d9e5af55c7', '969ad60c-5ccd-4eed-a85d-6c9048350eb4', '5 Gum', 'wholesale@5gum.com', '555-567-8901', '5 Gum Ave', 'Boston', 'Massachusetts', 'MA', 'United States', 'US', '02210', '2025-01-21 01:32:00.000000+00', '2025-01-21 01:32:00.000000+00'), ('479b0a87-0d72-4066-982f-97836c82d177', '969ad60c-5ccd-4eed-a85d-6c9048350eb4', 'Kellogg', 'wholesale@kellogg.com', '555-456-7890', '123 Kellogg Ave', 'San Francisco', 'California', 'CA', 'United States', 'US', '94105', '2025-01-21 01:33:00.000000+00', '2025-01-21 01:33:00.000000+00'), ('f5881748-a04f-45bc-871f-09d81ed8c14a', '969ad60c-5ccd-4eed-a85d-6c9048350eb4', 'Heinz', 'wholesale@heinz.com', '555-333-4444', '100 Heinz Ave', 'Toronto', 'Ontario', 'ON', 'Canada', 'CA', 'M5H 2N2', '2025-01-21 01:35:00.000000+00', '2025-01-21 01:35:00.000000+00');
INSERT INTO public.products (id,org_id,customer_id,status,name,description,price,inventory_quantity,image,category,sku,restock_threshold,created_at,updated_at) VALUES ('8a64e675-5212-45b7-80fc-dc568edad9c1', '70cec7cb-8a8f-464a-9b8d-e0c2ff7b67b5', 'c1a0835e-0903-4944-9c05-c80b619d0ab4', 'active', 'Coke Classic - 355mL Can', 'Classic Coca-Cola in 355mL aluminum can', 1.99, 99, 'coke-classic-355ml-can.jpg', 'Soda', 'CC-CLS-355', 100, '2025-02-21 01:00:00.000000+00', '2025-02-21 01:00:00.000000+00'), ('f094da53-d976-456a-864e-eb7720e09368', '70cec7cb-8a8f-464a-9b8d-e0c2ff7b67b5', 'c1a0835e-0903-4944-9c05-c80b619d0ab4', 'active', 'Coke Zero - 355mL Can', 'Zero sugar Coca-Cola in 355mL aluminum can', 1.99, 275, 'coke-zero-355ml-can.jpg', 'Soda', 'CC-ZRO-355', 75, '2025-02-21 02:00:00.000000+00', '2025-02-21 02:00:00.000000+00'), ('87eebe34-6385-4c34-a753-4030ad6f7510', '70cec7cb-8a8f-464a-9b8d-e0c2ff7b67b5', 'c1a0835e-0903-4944-9c05-c80b619d0ab4', 'active', 'Diet Coke - 355mL Can', 'Diet Coca-Cola in 355mL aluminum can', 1.99, 290, 'diet-coke-355ml-can.jpg', 'Soda', 'CC-DIT-355', 85, '2025-02-21 02:30:00.000000+00', '2025-02-21 02:30:00.000000+00'), ('ebaadb57-328e-49e0-abf2-ea6dfc89ad36', '70cec7cb-8a8f-464a-9b8d-e0c2ff7b67b5', 'c1a0835e-0903-4944-9c05-c80b619d0ab4', 'active', 'Coke Classic - 710mL Bottle', 'Classic Coca-Cola in 710mL plastic bottle', 2.49, 59, 'coke-classic-710ml-bottle.jpg', 'Soda', 'CC-CLS-710', 60, '2025-02-21 02:45:00.000000+00', '2025-02-21 02:45:00.000000+00'), ('cb20dbe9-e655-4421-b530-7c069d4f8ff6', '70cec7cb-8a8f-464a-9b8d-e0c2ff7b67b5', 'c1a0835e-0903-4944-9c05-c80b619d0ab4', 'active', 'Coke Zero - 710mL Bottle', 'Zero sugar Coca-Cola in 710mL plastic bottle', 2.49, 180, 'coke-zero-710ml-bottle.jpg', 'Soda', 'CC-ZRO-710', 50, '2025-02-21 02:50:00.000000+00', '2025-02-21 02:50:00.000000+00'), ('8f394b09-4283-4bd6-b410-84e8080e48af', '70cec7cb-8a8f-464a-9b8d-e0c2ff7b67b5', 'c1a0835e-0903-4944-9c05-c80b619d0ab4', 'active', 'Diet Coke - 710mL Bottle', 'Diet Coca-Cola in 710mL plastic bottle', 2.49, 195, 'diet-coke-710ml-bottle.jpg', 'Soda', 'CC-DIT-710', 50, '2025-02-21 02:55:00.000000+00', '2025-02-21 02:55:00.000000+00'), ('4e35b9d7-6ef4-4815-aca8-543ebf945d72', '70cec7cb-8a8f-464a-9b8d-e0c2ff7b67b5', 'c1a0835e-0903-4944-9c05-c80b619d0ab4', 'active', 'Coke Classic - 2L Bottle', 'Classic Coca-Cola in 2L plastic bottle', 3.99, 150, 'coke-classic-2l-bottle.jpg', 'Soda', 'CC-CLS-2L', 40, '2025-02-21 03:00:00.000000+00', '2025-02-21 03:00:00.000000+00'), ('829db641-b282-4df2-a92f-bed8255670d8', '70cec7cb-8a8f-464a-9b8d-e0c2ff7b67b5', 'c1a0835e-0903-4944-9c05-c80b619d0ab4', 'active', 'Coke Zero - 2L Bottle', 'Zero sugar Coca-Cola in 2L plastic bottle', 3.99, 125, 'coke-zero-2l-bottle.jpg', 'Soda', 'CC-ZRO-2L', 30, '2025-02-21 03:05:00.000000+00', '2025-02-21 03:05:00.000000+00'), ('ee9e3bb7-a705-4a50-be45-ab5f6452f2e2', '70cec7cb-8a8f-464a-9b8d-e0c2ff7b67b5', 'c1a0835e-0903-4944-9c05-c80b619d0ab4', 'active', 'Diet Coke - 2L Bottle', 'Diet Coca-Cola in 2L plastic bottle', 3.99, 140, 'diet-coke-2l-bottle.jpg', 'Soda', 'CC-DIT-2L', 35, '2025-02-21 03:10:00.000000+00', '2025-02-21 03:10:00.000000+00'), ('7883bf00-cfa8-4af3-9f9f-9a4274d053fe', '70cec7cb-8a8f-464a-9b8d-e0c2ff7b67b5', '68222e8f-fe45-4bd8-99f5-1c353a1e793f', 'active', 'Doritos Nacho Cheese', 'Bold nacho cheese flavored tortilla chips', 4.99, 120, 'doritos-nacho-cheese.jpg', 'Chips', 'DR-NCH-001', 35, '2025-02-21 03:15:00.000000+00', '2025-02-21 03:15:00.000000+00'), ('87b70248-d627-4519-b0df-145bcc1907e0', '70cec7cb-8a8f-464a-9b8d-e0c2ff7b67b5', '68222e8f-fe45-4bd8-99f5-1c353a1e793f', 'active', 'Doritos Cool Ranch', 'Cool ranch flavored tortilla chips', 4.99, 29, 'doritos-cool-ranch.jpg', 'Chips', 'DR-RCH-002', 30, '2025-02-21 03:20:00.000000+00', '2025-02-21 03:20:00.000000+00'), ('6db89321-70d3-4a28-9164-a586f351ad3b', '70cec7cb-8a8f-464a-9b8d-e0c2ff7b67b5', '68222e8f-fe45-4bd8-99f5-1c353a1e793f', 'active', 'Doritos Spicy Sweet Chili', 'Sweet and spicy chili flavored tortilla chips', 4.99, 80, 'doritos-spicy-sweet-chili.jpg', 'Chips', 'DR-CHI-003', 25, '2025-02-21 03:25:00.000000+00', '2025-02-21 03:25:00.000000+00'), ('cc8ed775-5fc9-448b-b361-0d63938ececa', '70cec7cb-8a8f-464a-9b8d-e0c2ff7b67b5', '68222e8f-fe45-4bd8-99f5-1c353a1e793f', 'active', 'Doritos Flamin'' Hot', 'Extra spicy flavored tortilla chips', 4.99, 85, 'doritos-flamin-hot.jpg', 'Chips', 'DR-HOT-004', 25, '2025-02-21 03:30:00.000000+00', '2025-02-21 03:30:00.000000+00'), ('35d23b8d-d0fd-4f6e-ab62-73512347aaf4', '70cec7cb-8a8f-464a-9b8d-e0c2ff7b67b5', '68222e8f-fe45-4bd8-99f5-1c353a1e793f', 'active', 'Doritos Spicy Nacho', 'Spicy nacho cheese flavored tortilla chips', 4.99, 19, 'doritos-spicy-nacho.jpg', 'Chips', 'DR-SNC-005', 20, '2025-02-21 03:35:00.000000+00', '2025-02-21 03:35:00.000000+00'), ('bd193a0e-b9e0-47e2-90ef-8fcbe5cf4e4b', '70cec7cb-8a8f-464a-9b8d-e0c2ff7b67b5', '68222e8f-fe45-4bd8-99f5-1c353a1e793f', 'active', 'Doritos Tapatío', 'Tapatío hot sauce flavored tortilla chips', 4.99, 19, 'doritos-tapat-o.jpg', 'Chips', 'DR-TAP-006', 20, '2025-02-21 03:40:00.000000+00', '2025-02-21 03:40:00.000000+00'), ('b9f90cd7-97b0-4246-951b-79b167ccabaa', '70cec7cb-8a8f-464a-9b8d-e0c2ff7b67b5', '68222e8f-fe45-4bd8-99f5-1c353a1e793f', 'active', 'Doritos Blaze', 'Extremely spicy flavored tortilla chips', 4.99, 60, 'doritos-blaze.jpg', 'Chips', 'DR-BLZ-007', 15, '2025-02-21 03:45:00.000000+00', '2025-02-21 03:45:00.000000+00'), ('6f582476-a280-4e2c-ba4c-8f744711a66f', '70cec7cb-8a8f-464a-9b8d-e0c2ff7b67b5', '7c23cd82-935a-4c9d-a33b-74826dd27638', 'active', 'Altoids Peppermint', 'Curiously strong peppermint mints in classic tin', 2.99, 29, 'altoids-peppermint.jpg', 'Mints', 'ALT-PEP-001', 30, '2025-02-21 03:50:00.000000+00', '2025-02-21 03:50:00.000000+00'), ('53d4be14-ab10-43fc-90eb-e47724039847', '70cec7cb-8a8f-464a-9b8d-e0c2ff7b67b5', '7c23cd82-935a-4c9d-a33b-74826dd27638', 'active', 'Altoids Wintergreen', 'Curiously strong wintergreen mints in classic tin', 2.99, 95, 'altoids-wintergreen.jpg', 'Mints', 'ALT-WIN-002', 25, '2025-02-21 03:55:00.000000+00', '2025-02-21 03:55:00.000000+00'), ('a0feeafa-d197-4f92-baae-6a66f797d4f9', '70cec7cb-8a8f-464a-9b8d-e0c2ff7b67b5', '7c23cd82-935a-4c9d-a33b-74826dd27638', 'active', 'Altoids Spearmint', 'Curiously strong spearmint mints in classic tin', 2.99, 85, 'altoids-spearmint.jpg', 'Mints', 'ALT-SPR-003', 20, '2025-02-21 04:00:00.000000+00', '2025-02-21 04:00:00.000000+00'), ('4fd794e3-6414-41fc-87a9-e7148719c413', '70cec7cb-8a8f-464a-9b8d-e0c2ff7b67b5', '7c23cd82-935a-4c9d-a33b-74826dd27638', 'active', 'Altoids Cinnamon', 'Curiously strong cinnamon mints in classic tin', 2.99, 19, 'altoids-cinnamon.jpg', 'Mints', 'ALT-CIN-004', 20, '2025-02-21 04:05:00.000000+00', '2025-02-21 04:05:00.000000+00'), ('02c3b024-c46b-4c2b-a5c0-0788233319d0', '70cec7cb-8a8f-464a-9b8d-e0c2ff7b67b5', '7c23cd82-935a-4c9d-a33b-74826dd27638', 'active', 'Altoids Arctic Peppermint', 'Extra cool sugar-free peppermint mints in small tin', 2.49, 65, 'altoids-arctic-peppermint.jpg', 'Mints', 'ALT-ARP-005', 15, '2025-02-21 04:10:00.000000+00', '2025-02-21 04:10:00.000000+00'), ('0dfaff50-9590-499f-ac55-f80140bb1f14', '70cec7cb-8a8f-464a-9b8d-e0c2ff7b67b5', '7c23cd82-935a-4c9d-a33b-74826dd27638', 'active', 'Altoids Arctic Wintergreen', 'Extra cool sugar-free wintergreen mints in small tin', 2.49, 55, 'altoids-arctic-wintergreen.jpg', 'Mints', 'ALT-ARW-006', 15, '2025-02-21 04:15:00.000000+00', '2025-02-21 04:15:00.000000+00'), ('66e9fa15-2fd4-4879-a63c-58d804f3f75d', '969ad60c-5ccd-4eed-a85d-6c9048350eb4', '67933878-1e1c-404b-a026-d7d9e5af55c7', 'active', '5 Gum Peppermint Menthe Cobalt', 'Peppermint flavored sugar-free gum in blue packaging', 1.79, 120, '5-gum-peppermint-menthe-cobalt.jpg', 'Gum', '5G-COB-001', 40, '2025-02-21 04:20:00.000000+00', '2025-02-21 04:20:00.000000+00'), ('a5eeefdb-988e-4718-8b14-90c63443744e', '969ad60c-5ccd-4eed-a85d-6c9048350eb4', '67933878-1e1c-404b-a026-d7d9e5af55c7', 'active', '5 Gum Spearmint Rain', 'Spearmint flavored sugar-free gum in green packaging', 1.79, 34, '5-gum-spearmint-rain.jpg', 'Gum', '5G-RAN-002', 35, '2025-02-21 04:25:00.000000+00', '2025-02-21 04:25:00.000000+00'), ('0c8087de-2b3e-4897-a2cb-8cebf83563af', '969ad60c-5ccd-4eed-a85d-6c9048350eb4', '67933878-1e1c-404b-a026-d7d9e5af55c7', 'active', '5 Gum Watermelon Prism', 'Watermelon flavored sugar-free gum in pink packaging', 1.79, 95, '5-gum-watermelon-prism.jpg', 'Gum', '5G-PRI-003', 30, '2025-02-21 04:30:00.000000+00', '2025-02-21 04:30:00.000000+00'), ('8a67fd8f-b603-4fa9-bb89-87eef70135cc', '969ad60c-5ccd-4eed-a85d-6c9048350eb4', '67933878-1e1c-404b-a026-d7d9e5af55c7', 'active', '5 Gum Blueberry Rush', 'Blueberry flavored sugar-free gum in purple packaging', 1.79, 24, '5-gum-blueberry-rush.jpg', 'Gum', '5G-RUS-004', 25, '2025-02-21 04:35:00.000000+00', '2025-02-21 04:35:00.000000+00'), ('77d52543-9078-41c2-845a-e060ba1e60aa', '969ad60c-5ccd-4eed-a85d-6c9048350eb4', '67933878-1e1c-404b-a026-d7d9e5af55c7', 'active', '5 Gum Wintermint Ascent', 'Wintermint flavored sugar-free gum in silver packaging', 1.79, 90, '5-gum-wintermint-ascent.jpg', 'Gum', '5G-ASC-005', 30, '2025-02-21 04:40:00.000000+00', '2025-02-21 04:40:00.000000+00'), ('04cf727a-1686-4c86-8bb6-9fe2db105053', '969ad60c-5ccd-4eed-a85d-6c9048350eb4', '67933878-1e1c-404b-a026-d7d9e5af55c7', 'active', '5 Gum React 2.0 Mint', 'Intense mint flavored sugar-free gum in black packaging', 1.79, 24, '5-gum-react-2-0-mint.jpg', 'Gum', '5G-REA-006', 25, '2025-02-21 04:45:00.000000+00', '2025-02-21 04:45:00.000000+00'), ('9a26f206-8272-482c-9bab-a78bc73eba4d', '969ad60c-5ccd-4eed-a85d-6c9048350eb4', '67933878-1e1c-404b-a026-d7d9e5af55c7', 'active', '5 Gum Strawberry Flood', 'Strawberry flavored sugar-free gum in red packaging', 1.79, 65, '5-gum-strawberry-flood.jpg', 'Gum', '5G-FLO-007', 20, '2025-02-21 04:50:00.000000+00', '2025-02-21 04:50:00.000000+00'), ('d8780975-a047-4aa4-95ad-9405ab9214d0', '969ad60c-5ccd-4eed-a85d-6c9048350eb4', '67933878-1e1c-404b-a026-d7d9e5af55c7', 'active', '5 Gum Watermelon Tempest', 'Sour watermelon flavored sugar-free gum in teal packaging', 1.79, 60, '5-gum-watermelon-tempest.jpg', 'Gum', '5G-TEM-008', 20, '2025-02-21 04:55:00.000000+00', '2025-02-21 04:55:00.000000+00'), ('4ef18ec7-ddbe-4b8d-8313-8a1883340364', '969ad60c-5ccd-4eed-a85d-6c9048350eb4', '479b0a87-0d72-4066-982f-97836c82d177', 'active', 'Corn Flakes', 'Original toasted corn flake cereal', 4.29, 85, 'corn-flakes.jpg', 'Cereal', 'KEL-CF-001', 25, '2025-02-21 04:55:00.000000+00', '2025-02-21 04:55:00.000000+00'), ('fead12f3-aa59-4817-a6e0-c0b9b09783da', '969ad60c-5ccd-4eed-a85d-6c9048350eb4', '479b0a87-0d72-4066-982f-97836c82d177', 'active', 'Frosted Flakes', 'Sugar frosted corn flake cereal', 4.49, 95, 'frosted-flakes.jpg', 'Cereal', 'KEL-FF-002', 30, '2025-02-21 05:00:00.000000+00', '2025-02-21 05:00:00.000000+00'), ('057093a6-f495-46b1-83b3-2c0cf56e3b35', '969ad60c-5ccd-4eed-a85d-6c9048350eb4', '479b0a87-0d72-4066-982f-97836c82d177', 'active', 'Rice Krispies', 'Crispy rice cereal that snaps, crackles and pops', 4.29, 24, 'rice-krispies.jpg', 'Cereal', 'KEL-RK-003', 25, '2025-02-21 05:05:00.000000+00', '2025-02-21 05:05:00.000000+00'), ('0b592991-31fd-468d-ace6-2cec5681a43f', '969ad60c-5ccd-4eed-a85d-6c9048350eb4', '479b0a87-0d72-4066-982f-97836c82d177', 'active', 'Froot Loops', 'Colorful fruit-flavored sweetened cereal rings', 4.49, 80, 'froot-loops.jpg', 'Cereal', 'KEL-FL-004', 25, '2025-02-21 05:10:00.000000+00', '2025-02-21 05:10:00.000000+00'), ('8f52c2cb-4fc5-47f4-80d9-cdfe12cac125', '969ad60c-5ccd-4eed-a85d-6c9048350eb4', '479b0a87-0d72-4066-982f-97836c82d177', 'active', 'Special K', 'Lightly toasted rice cereal flakes', 4.79, 70, 'special-k.jpg', 'Cereal', 'KEL-SK-005', 20, '2025-02-21 05:15:00.000000+00', '2025-02-21 05:15:00.000000+00'), ('8956feb8-ce8b-4337-9036-416190286614', '969ad60c-5ccd-4eed-a85d-6c9048350eb4', '479b0a87-0d72-4066-982f-97836c82d177', 'active', 'Raisin Bran', 'Wheat bran flakes with raisins', 4.49, 19, 'raisin-bran.jpg', 'Cereal', 'KEL-RB-006', 20, '2025-02-21 05:20:00.000000+00', '2025-02-21 05:20:00.000000+00'), ('39051b18-4637-471c-a0f9-925b42f56e17', '969ad60c-5ccd-4eed-a85d-6c9048350eb4', '479b0a87-0d72-4066-982f-97836c82d177', 'active', 'Krave - Chocolate', 'Chocolate-filled multigrain cereal pieces', 4.99, 60, 'krave-chocolate.jpg', 'Cereal', 'KEL-KR-007', 15, '2025-02-21 05:25:00.000000+00', '2025-02-21 05:25:00.000000+00'), ('5b6f0b1d-cd13-421b-a141-79b1af10bc15', '969ad60c-5ccd-4eed-a85d-6c9048350eb4', '479b0a87-0d72-4066-982f-97836c82d177', 'active', 'Mini-Wheats', 'Frosted whole grain wheat cereal biscuits', 4.69, 55, 'mini-wheats.jpg', 'Cereal', 'KEL-MW-008', 15, '2025-02-21 05:30:00.000000+00', '2025-02-21 05:30:00.000000+00'), ('c44b963c-a184-455b-bb5c-3d978776cd6c', '969ad60c-5ccd-4eed-a85d-6c9048350eb4', '479b0a87-0d72-4066-982f-97836c82d177', 'active', 'Pop-Tarts - Strawberry', 'Strawberry filled toaster pastries', 3.99, 29, 'pop-tarts-strawberry.jpg', 'Pastry', 'KEL-PTS-009', 30, '2025-02-21 05:35:00.000000+00', '2025-02-21 05:35:00.000000+00'), ('e1333f8e-48f2-49a8-bc44-3078a98f6d5e', '969ad60c-5ccd-4eed-a85d-6c9048350eb4', '479b0a87-0d72-4066-982f-97836c82d177', 'active', 'Pop-Tarts - Chocolate', 'Chocolate filled toaster pastries', 3.99, 24, 'pop-tarts-chocolate.jpg', 'Pastry', 'KEL-PTC-010', 25, '2025-02-21 05:40:00.000000+00', '2025-02-21 05:40:00.000000+00'), ('4d2ec78b-7c0c-4f2f-b83a-08f87483734b', '969ad60c-5ccd-4eed-a85d-6c9048350eb4', '479b0a87-0d72-4066-982f-97836c82d177', 'active', 'Pop-Tarts - Brown Sugar Cinnamon', 'Brown sugar cinnamon filled toaster pastries', 3.99, 70, 'pop-tarts-brown-sugar-cinnamon.jpg', 'Pastry', 'KEL-PTB-011', 20, '2025-02-21 05:45:00.000000+00', '2025-02-21 05:45:00.000000+00'), ('abdd4ea5-a625-408c-8558-13e03239a103', '969ad60c-5ccd-4eed-a85d-6c9048350eb4', '479b0a87-0d72-4066-982f-97836c82d177', 'active', 'Eggo Waffles', 'Frozen homestyle waffles', 3.49, 65, 'eggo-waffles.jpg', 'Frozen', 'KEL-EGG-012', 20, '2025-02-21 05:50:00.000000+00', '2025-02-21 05:50:00.000000+00'), ('78a075b3-f415-4fe6-b83f-2ce1cb035f78', '969ad60c-5ccd-4eed-a85d-6c9048350eb4', 'f5881748-a04f-45bc-871f-09d81ed8c14a', 'active', 'Heinz Tomato Ketchup', 'Classic tomato ketchup in signature bottle', 3.99, 110, 'heinz-tomato-ketchup.jpg', 'Condiment', 'HNZ-KTC-001', 35, '2025-02-21 05:55:00.000000+00', '2025-02-21 05:55:00.000000+00'), ('fa9f6c02-4418-4614-a318-fd970412a5e2', '969ad60c-5ccd-4eed-a85d-6c9048350eb4', 'f5881748-a04f-45bc-871f-09d81ed8c14a', 'active', 'Heinz Yellow Mustard', 'Classic yellow mustard in squeeze bottle', 2.99, 24, 'heinz-yellow-mustard.jpg', 'Condiment', 'HNZ-MUS-002', 25, '2025-02-21 05:55:00.000000+00', '2025-02-21 05:55:00.000000+00'), ('110dd376-1f40-487f-915d-1efaea13c590', '969ad60c-5ccd-4eed-a85d-6c9048350eb4', 'f5881748-a04f-45bc-871f-09d81ed8c14a', 'active', 'Heinz Mayonnaise', 'Creamy mayonnaise in squeeze bottle', 3.79, 70, 'heinz-mayonnaise.jpg', 'Condiment', 'HNZ-MAY-003', 20, '2025-02-21 06:00:00.000000+00', '2025-02-21 06:00:00.000000+00'), ('6e391500-934e-434b-8346-c0036158bb0b', '969ad60c-5ccd-4eed-a85d-6c9048350eb4', 'f5881748-a04f-45bc-871f-09d81ed8c14a', 'active', 'Heinz Barbecue Sauce', 'Original BBQ sauce in bottle', 3.49, 65, 'heinz-barbecue-sauce.jpg', 'Condiment', 'HNZ-BBQ-004', 20, '2025-02-21 06:05:00.000000+00', '2025-02-21 06:05:00.000000+00'), ('c0033ba1-8593-4231-b9f8-8e28623f2309', '969ad60c-5ccd-4eed-a85d-6c9048350eb4', 'f5881748-a04f-45bc-871f-09d81ed8c14a', 'active', 'Heinz Relish', 'Sweet pickle relish in squeeze bottle', 2.89, 14, 'heinz-relish.jpg', 'Condiment', 'HNZ-REL-005', 15, '2025-02-21 06:10:00.000000+00', '2025-02-21 06:10:00.000000+00');
INSERT INTO public.orders (id,org_id,product_id,order_number,notes,fulfillment_status,quantity,total,inventory_adjusted,created_at,updated_at) VALUES ('5920d414-ec35-4853-acf9-370455d56891', '70cec7cb-8a8f-464a-9b8d-e0c2ff7b67b5', '8a64e675-5212-45b7-80fc-dc568edad9c1', 1001, 'Caret et loco propteris placeat morat hostis anime.', 'fulfilled', 120, 238.8, DEFAULT, '2025-03-21 08:00:00.000000+00', '2025-03-21 08:00:00.000000+00'), ('613662ab-5430-4d14-8a83-e32bda086359', '70cec7cb-8a8f-464a-9b8d-e0c2ff7b67b5', 'f094da53-d976-456a-864e-eb7720e09368', 1002, 'Perii ita poris conetiam alter suum.', 'fulfilled', 80, 159.2, DEFAULT, '2025-03-21 08:15:00.000000+00', '2025-03-21 08:15:00.000000+00'), ('30145e23-db54-48d0-a777-8935a9e483ee', '70cec7cb-8a8f-464a-9b8d-e0c2ff7b67b5', '4e35b9d7-6ef4-4815-aca8-543ebf945d72', 1003, 'Haec ophistorum morbis odum em praesenim odum viderire.', 'pending', 50, 199.5, DEFAULT, '2025-03-21 08:30:00.000000+00', '2025-03-21 08:30:00.000000+00'), ('b407f6bf-35a1-46fe-a453-ca3254b19701', '70cec7cb-8a8f-464a-9b8d-e0c2ff7b67b5', 'ebaadb57-328e-49e0-abf2-ea6dfc89ad36', 1004, 'Munitur ei quidem consolut ut, cognostris maioribus et conclusum saepe contra constringeniis accusanda.', 'fulfilled', 60, 149.4, DEFAULT, '2025-03-21 08:45:00.000000+00', '2025-03-21 08:45:00.000000+00'), ('a2aeca46-3387-4a71-9d2c-07a76f81ea38', '70cec7cb-8a8f-464a-9b8d-e0c2ff7b67b5', '7883bf00-cfa8-4af3-9f9f-9a4274d053fe', 1005, 'Ea eturi fortas voluptatur exignoris malivola vicinerir, untur successervat quo quibus praesenim.', 'fulfilled', 45, 224.55, DEFAULT, '2025-03-21 09:00:00.000000+00', '2025-03-21 09:00:00.000000+00'), ('eaff0783-5d96-47b3-bb0c-cb1af3279c51', '70cec7cb-8a8f-464a-9b8d-e0c2ff7b67b5', '87b70248-d627-4519-b0df-145bcc1907e0', 1006, 'Probabit ut caleritat omnemo et, audiam iucunde gusta satissimis afferri.', 'pending', 30, 149.7, DEFAULT, '2025-03-21 09:15:00.000000+00', '2025-03-21 09:15:00.000000+00'), ('56ed8eec-415e-46a8-a0cf-e443adb9ca8d', '70cec7cb-8a8f-464a-9b8d-e0c2ff7b67b5', 'cc8ed775-5fc9-448b-b361-0d63938ececa', 1007, 'Te notae det statuamus tamendarum nihil quid tantum.', 'fulfilled', 25, 124.75, DEFAULT, '2025-03-21 09:30:00.000000+00', '2025-03-21 09:30:00.000000+00'), ('86e37206-e9fc-4394-86cd-a073ffedc725', '70cec7cb-8a8f-464a-9b8d-e0c2ff7b67b5', '6f582476-a280-4e2c-ba4c-8f744711a66f', 1008, 'Carum expectanta rationes perfunctio efficit inflammater am, possit laudatem videtur sapienum nostrum perturpis est.', 'fulfilled', 40, 119.6, DEFAULT, '2025-03-21 10:00:00.000000+00', '2025-03-21 10:00:00.000000+00'), ('512fd1c3-ba3c-4a36-8234-13bf39cd7e5c', '70cec7cb-8a8f-464a-9b8d-e0c2ff7b67b5', '4fd794e3-6414-41fc-87a9-e7148719c413', 1009, 'Etiam mediocris tria ipsumus are sequatur eum, vacillum consul ferrent cum entum.', 'cancelled', 20, 59.8, DEFAULT, '2025-03-21 10:15:00.000000+00', '2025-03-21 10:15:00.000000+00'), ('51885454-65eb-4cd1-b95b-40886917fa3f', '969ad60c-5ccd-4eed-a85d-6c9048350eb4', '66e9fa15-2fd4-4879-a63c-58d804f3f75d', 1010, 'Voluptatem torquem misere aliquid terminus, sine hoc quibus omne longinquit eorum et iudicura.', 'fulfilled', 60, 107.4, DEFAULT, '2025-03-21 11:00:00.000000+00', '2025-03-21 11:00:00.000000+00'), ('6b95f581-1baf-4802-962d-ee125eb83fec', '969ad60c-5ccd-4eed-a85d-6c9048350eb4', 'a5eeefdb-988e-4718-8b14-90c63443744e', 1011, 'Impedienus quo ut a summum sempercipiet, es iam pacem probarbitrar ine quibus susceperius.', 'pending', 45, 80.55, DEFAULT, '2025-03-21 11:15:00.000000+00', '2025-03-21 11:15:00.000000+00'), ('6978c9a1-5d09-41cf-84b1-84e33f426181', '969ad60c-5ccd-4eed-a85d-6c9048350eb4', '8a67fd8f-b603-4fa9-bb89-87eef70135cc', 1012, 'Omne minus eos possunt cum quae se meminitaq.', 'fulfilled', 35, 62.65, DEFAULT, '2025-03-21 11:30:00.000000+00', '2025-03-21 11:30:00.000000+00'), ('14cecdad-5811-4998-8062-e748d6bcb18e', '969ad60c-5ccd-4eed-a85d-6c9048350eb4', '04cf727a-1686-4c86-8bb6-9fe2db105053', 1013, 'Mundus in sed minus sanguinem, non quibus ferre quae aut.', 'fulfilled', 40, 71.6, DEFAULT, '2025-03-21 11:45:00.000000+00', '2025-03-21 11:45:00.000000+00'), ('76a25f39-330b-4f09-8e03-dcaa8a779d44', '969ad60c-5ccd-4eed-a85d-6c9048350eb4', '4ef18ec7-ddbe-4b8d-8313-8a1883340364', 1014, 'Sit locus uta ut eturalios quibus.', 'fulfilled', 30, 128.7, DEFAULT, '2025-03-22 08:00:00.000000+00', '2025-03-22 08:00:00.000000+00'), ('948710fa-9eca-4b09-8033-f8417170e2bc', '969ad60c-5ccd-4eed-a85d-6c9048350eb4', 'fead12f3-aa59-4817-a6e0-c0b9b09783da', 1015, 'Nihil voluptatem deserabun ex diutur severem dam.', 'pending', 25, 112.25, DEFAULT, '2025-03-22 08:15:00.000000+00', '2025-03-22 08:15:00.000000+00'), ('f4da899a-cb5f-47e3-a083-c902a4e9bc21', '969ad60c-5ccd-4eed-a85d-6c9048350eb4', 'c44b963c-a184-455b-bb5c-3d978776cd6c', 1016, 'Sempertur erea amicitur rudem quo.', 'fulfilled', 35, 139.65, DEFAULT, '2025-03-22 08:30:00.000000+00', '2025-03-22 08:30:00.000000+00'), ('bb59e1d8-3fa1-46d1-b89e-b946e0e3f880', '969ad60c-5ccd-4eed-a85d-6c9048350eb4', 'abdd4ea5-a625-408c-8558-13e03239a103', 1017, 'Abunt oderet et ultatem splendideros bonae consolvantur non, etureum vitam pronunt et veniatur feram gravissimae es.', 'fulfilled', 40, 139.6, DEFAULT, '2025-03-22 08:45:00.000000+00', '2025-03-22 08:45:00.000000+00'), ('fdc32458-f651-4b6f-93dd-694d7edecd9a', '969ad60c-5ccd-4eed-a85d-6c9048350eb4', '78a075b3-f415-4fe6-b83f-2ce1cb035f78', 1018, 'Alest vetere inporistip graecum ita laborem dolor, non expetentur consecur et ita illa.', 'fulfilled', 50, 199.5, DEFAULT, '2025-03-22 09:00:00.000000+00', '2025-03-22 09:00:00.000000+00'), ('53b6e04b-9938-418e-af6f-a427ca0dc8f2', '969ad60c-5ccd-4eed-a85d-6c9048350eb4', '110dd376-1f40-487f-915d-1efaea13c590', 1019, 'A detractis ipsam non deseret versam stoicis.', 'pending', 30, 113.7, DEFAULT, '2025-03-22 09:15:00.000000+00', '2025-03-22 09:15:00.000000+00'), ('e99216aa-9975-4117-917b-9b209898cc85', '969ad60c-5ccd-4eed-a85d-6c9048350eb4', 'fa9f6c02-4418-4614-a318-fd970412a5e2', 1020, 'Sed sint deditus qualesto or.', 'cancelled', 25, 74.75, DEFAULT, '2025-03-22 09:30:00.000000+00', '2025-03-22 09:30:00.000000+00');
SELECT setval('"public"."order_number_seq"'::regclass, (SELECT MAX("order_number") FROM "public"."orders"));
